fruit_id,image_id,audio_id,image_path,audio_path,label,variety,date_recorded,harvest_date,days_to_eat,note
D001,D001_img_01,D001_knock_01,data/raw/images/D001_img_01.jpg,data/raw/audios/D001_knock_01.wav,unripe,Ri6,2026-06-15,,,dummy synthetic sample - replace with real data later
D001,D001_img_01,D001_knock_02,data/raw/images/D001_img_01.jpg,data/raw/audios/D001_knock_02.wav,unripe,Ri6,2026-06-15,,,dummy synthetic sample - replace with real data later
D001,D001_img_01,D001_knock_03,data/raw/images/D001_img_01.jpg,data/raw/audios/D001_knock_03.wav,unripe,Ri6,2026-06-15,,,dummy synthetic sample - replace with real data later
D001,D001_img_02,D001_knock_01,data/raw/images/D001_img_02.jpg,data/raw/audios/D001_knock_01.wav,unripe,Ri6,2026-06-15,,,dummy synthetic sample - replace with real data later
D001,D001_img_02,D001_knock_02,data/raw/images/D001_img_02.jpg,data/raw/audios/D001_knock_02.wav,unripe,Ri6,2026-06-15,,,dummy synthetic sample - replace with real data later
D001,D001_img_02,D001_knock_03,data/raw/images/D001_img_02.jpg,data/raw/audios/D001_knock_03.wav,unripe,Ri6,2026-06-15,,,dummy synthetic sample - replace with real data later
D001,D001_img_03,D001_knock_01,data/raw/images/D001_img_03.jpg,data/raw/audios/D001_knock_01.wav,unripe,Ri6,2026-06-15,,,dummy synthetic sample - replace with real data later
D001,D001_img_03,D001_knock_02,data/raw/images/D001_img_03.jpg,data/raw/audios/D001_knock_02.wav,unripe,Ri6,2026-06-15,,,dummy synthetic sample - replace with real data later
D001,D001_img_03,D001_knock_03,data/raw/images/D001_img_03.jpg,data/raw/audios/D001_knock_03.wav,unripe,Ri6,2026-06-15,,,dummy synthetic sample - replace with real data later
D002,D002_img_01,D002_knock_01,data/raw/images/D002_img_01.jpg,data/raw/audios/D002_knock_01.wav,ripe,Ri6,2026-06-15,,,dummy synthetic sample - replace with real data later
D002,D002_img_01,D002_knock_02,data/raw/images/D002_img_01.jpg,data/raw/audios/D002_knock_02.wav,ripe,Ri6,2026-06-15,,,dummy synthetic sample - replace with real data later
D002,D002_img_01,D002_knock_03,data/raw/images/D002_img_01.jpg,data/raw/audios/D002_knock_03.wav,ripe,Ri6,2026-06-15,,,dummy synthetic sample - replace with real data later
D002,D002_img_02,D002_knock_01,data/raw/images/D002_img_02.jpg,data/raw/audios/D002_knock_01.wav,ripe,Ri6,2026-06-15,,,dummy synthetic sample - replace with real data later
D002,D002_img_02,D002_knock_02,data/raw/images/D002_img_02.jpg,data/raw/audios/D002_knock_02.wav,ripe,Ri6,2026-06-15,,,dummy synthetic sample - replace with real data later
D002,D002_img_02,D002_knock_03,data/raw/images/D002_img_02.jpg,data/raw/audios/D002_knock_03.wav,ripe,Ri6,2026-06-15,,,dummy synthetic sample - replace with real data later
D002,D002_img_03,D002_knock_01,data/raw/images/D002_img_03.jpg,data/raw/audios/D002_knock_01.wav,ripe,Ri6,2026-06-15,,,dummy synthetic sample - replace with real data later
D002,D002_img_03,D002_knock_02,data/raw/images/D002_img_03.jpg,data/raw/audios/D002_knock_02.wav,ripe,Ri6,2026-06-15,,,dummy synthetic sample - replace with real data later
D002,D002_img_03,D002_knock_03,data/raw/images/D002_img_03.jpg,data/raw/audios/D002_knock_03.wav,ripe,Ri6,2026-06-15,,,dummy synthetic sample - replace with real data later
D003,D003_img_01,D003_knock_01,data/raw/images/D003_img_01.jpg,data/raw/audios/D003_knock_01.wav,overripe,Ri6,2026-06-15,,,dummy synthetic sample - replace with real data later
D003,D003_img_01,D003_knock_02,data/raw/images/D003_img_01.jpg,data/raw/audios/D003_knock_02.wav,overripe,Ri6,2026-06-15,,,dummy synthetic sample - replace with real data later
D003,D003_img_01,D003_knock_03,data/raw/images/D003_img_01.jpg,data/raw/audios/D003_knock_03.wav,overripe,Ri6,2026-06-15,,,dummy synthetic sample - replace with real data later
D003,D003_img_02,D003_knock_01,data/raw/images/D003_img_02.jpg,data/raw/audios/D003_knock_01.wav,overripe,Ri6,2026-06-15,,,dummy synthetic sample - replace with real data later
D003,D003_img_02,D003_knock_02,data/raw/images/D003_img_02.jpg,data/raw/audios/D003_knock_02.wav,overripe,Ri6,2026-06-15,,,dummy synthetic sample - replace with real data later
D003,D003_img_02,D003_knock_03,data/raw/images/D003_img_02.jpg,data/raw/audios/D003_knock_03.wav,overripe,Ri6,2026-06-15,,,dummy synthetic sample - replace with real data later
D003,D003_img_03,D003_knock_01,data/raw/images/D003_img_03.jpg,data/raw/audios/D003_knock_01.wav,overripe,Ri6,2026-06-15,,,dummy synthetic sample - replace with real data later
D003,D003_img_03,D003_knock_02,data/raw/images/D003_img_03.jpg,data/raw/audios/D003_knock_02.wav,overripe,Ri6,2026-06-15,,,dummy synthetic sample - replace with real data later
D003,D003_img_03,D003_knock_03,data/raw/images/D003_img_03.jpg,data/raw/audios/D003_knock_03.wav,overripe,Ri6,2026-06-15,,,dummy synthetic sample - replace with real data later
D004,D004_img_01,D004_knock_01,data/raw/images/D004_img_01.jpg,data/raw/audios/D004_knock_01.wav,unripe,Ri6,2026-06-15,,,dummy synthetic sample - replace with real data later
D004,D004_img_01,D004_knock_02,data/raw/images/D004_img_01.jpg,data/raw/audios/D004_knock_02.wav,unripe,Ri6,2026-06-15,,,dummy synthetic sample - replace with real data later
D004,D004_img_01,D004_knock_03,data/raw/images/D004_img_01.jpg,data/raw/audios/D004_knock_03.wav,unripe,Ri6,2026-06-15,,,dummy synthetic sample - replace with real data later
D004,D004_img_02,D004_knock_01,data/raw/images/D004_img_02.jpg,data/raw/audios/D004_knock_01.wav,unripe,Ri6,2026-06-15,,,dummy synthetic sample - replace with real data later
D004,D004_img_02,D004_knock_02,data/raw/images/D004_img_02.jpg,data/raw/audios/D004_knock_02.wav,unripe,Ri6,2026-06-15,,,dummy synthetic sample - replace with real data later
D004,D004_img_02,D004_knock_03,data/raw/images/D004_img_02.jpg,data/raw/audios/D004_knock_03.wav,unripe,Ri6,2026-06-15,,,dummy synthetic sample - replace with real data later
D004,D004_img_03,D004_knock_01,data/raw/images/D004_img_03.jpg,data/raw/audios/D004_knock_01.wav,unripe,Ri6,2026-06-15,,,dummy synthetic sample - replace with real data later
D004,D004_img_03,D004_knock_02,data/raw/images/D004_img_03.jpg,data/raw/audios/D004_knock_02.wav,unripe,Ri6,2026-06-15,,,dummy synthetic sample - replace with real data later
D004,D004_img_03,D004_knock_03,data/raw/images/D004_img_03.jpg,data/raw/audios/D004_knock_03.wav,unripe,Ri6,2026-06-15,,,dummy synthetic sample - replace with real data later
D005,D005_img_01,D005_knock_01,data/raw/images/D005_img_01.jpg,data/raw/audios/D005_knock_01.wav,ripe,Ri6,2026-06-15,,,dummy synthetic sample - replace with real data later
D005,D005_img_01,D005_knock_02,data/raw/images/D005_img_01.jpg,data/raw/audios/D005_knock_02.wav,ripe,Ri6,2026-06-15,,,dummy synthetic sample - replace with real data later
D005,D005_img_01,D005_knock_03,data/raw/images/D005_img_01.jpg,data/raw/audios/D005_knock_03.wav,ripe,Ri6,2026-06-15,,,dummy synthetic sample - replace with real data later
D005,D005_img_02,D005_knock_01,data/raw/images/D005_img_02.jpg,data/raw/audios/D005_knock_01.wav,ripe,Ri6,2026-06-15,,,dummy synthetic sample - replace with real data later
D005,D005_img_02,D005_knock_02,data/raw/images/D005_img_02.jpg,data/raw/audios/D005_knock_02.wav,ripe,Ri6,2026-06-15,,,dummy synthetic sample - replace with real data later
D005,D005_img_02,D005_knock_03,data/raw/images/D005_img_02.jpg,data/raw/audios/D005_knock_03.wav,ripe,Ri6,2026-06-15,,,dummy synthetic sample - replace with real data later
D005,D005_img_03,D005_knock_01,data/raw/images/D005_img_03.jpg,data/raw/audios/D005_knock_01.wav,ripe,Ri6,2026-06-15,,,dummy synthetic sample - replace with real data later
D005,D005_img_03,D005_knock_02,data/raw/images/D005_img_03.jpg,data/raw/audios/D005_knock_02.wav,ripe,Ri6,2026-06-15,,,dummy synthetic sample - replace with real data later
D005,D005_img_03,D005_knock_03,data/raw/images/D005_img_03.jpg,data/raw/audios/D005_knock_03.wav,ripe,Ri6,2026-06-15,,,dummy synthetic sample - replace with real data later
D006,D006_img_01,D006_knock_01,data/raw/images/D006_img_01.jpg,data/raw/audios/D006_knock_01.wav,overripe,Ri6,2026-06-15,,,dummy synthetic sample - replace with real data later
D006,D006_img_01,D006_knock_02,data/raw/images/D006_img_01.jpg,data/raw/audios/D006_knock_02.wav,overripe,Ri6,2026-06-15,,,dummy synthetic sample - replace with real data later
D006,D006_img_01,D006_knock_03,data/raw/images/D006_img_01.jpg,data/raw/audios/D006_knock_03.wav,overripe,Ri6,2026-06-15,,,dummy synthetic sample - replace with real data later
D006,D006_img_02,D006_knock_01,data/raw/images/D006_img_02.jpg,data/raw/audios/D006_knock_01.wav,overripe,Ri6,2026-06-15,,,dummy synthetic sample - replace with real data later
D006,D006_img_02,D006_knock_02,data/raw/images/D006_img_02.jpg,data/raw/audios/D006_knock_02.wav,overripe,Ri6,2026-06-15,,,dummy synthetic sample - replace with real data later
D006,D006_img_02,D006_knock_03,data/raw/images/D006_img_02.jpg,data/raw/audios/D006_knock_03.wav,overripe,Ri6,2026-06-15,,,dummy synthetic sample - replace with real data later
D006,D006_img_03,D006_knock_01,data/raw/images/D006_img_03.jpg,data/raw/audios/D006_knock_01.wav,overripe,Ri6,2026-06-15,,,dummy synthetic sample - replace with real data later
D006,D006_img_03,D006_knock_02,data/raw/images/D006_img_03.jpg,data/raw/audios/D006_knock_02.wav,overripe,Ri6,2026-06-15,,,dummy synthetic sample - replace with real data later
D006,D006_img_03,D006_knock_03,data/raw/images/D006_img_03.jpg,data/raw/audios/D006_knock_03.wav,overripe,Ri6,2026-06-15,,,dummy synthetic sample - replace with real data later
D007,D007_img_01,D007_knock_01,data/raw/images/D007_img_01.jpg,data/raw/audios/D007_knock_01.wav,unripe,Ri6,2026-06-15,,,dummy synthetic sample - replace with real data later
D007,D007_img_01,D007_knock_02,data/raw/images/D007_img_01.jpg,data/raw/audios/D007_knock_02.wav,unripe,Ri6,2026-06-15,,,dummy synthetic sample - replace with real data later
D007,D007_img_01,D007_knock_03,data/raw/images/D007_img_01.jpg,data/raw/audios/D007_knock_03.wav,unripe,Ri6,2026-06-15,,,dummy synthetic sample - replace with real data later
D007,D007_img_02,D007_knock_01,data/raw/images/D007_img_02.jpg,data/raw/audios/D007_knock_01.wav,unripe,Ri6,2026-06-15,,,dummy synthetic sample - replace with real data later
D007,D007_img_02,D007_knock_02,data/raw/images/D007_img_02.jpg,data/raw/audios/D007_knock_02.wav,unripe,Ri6,2026-06-15,,,dummy synthetic sample - replace with real data later
D007,D007_img_02,D007_knock_03,data/raw/images/D007_img_02.jpg,data/raw/audios/D007_knock_03.wav,unripe,Ri6,2026-06-15,,,dummy synthetic sample - replace with real data later
D007,D007_img_03,D007_knock_01,data/raw/images/D007_img_03.jpg,data/raw/audios/D007_knock_01.wav,unripe,Ri6,2026-06-15,,,dummy synthetic sample - replace with real data later
D007,D007_img_03,D007_knock_02,data/raw/images/D007_img_03.jpg,data/raw/audios/D007_knock_02.wav,unripe,Ri6,2026-06-15,,,dummy synthetic sample - replace with real data later
D007,D007_img_03,D007_knock_03,data/raw/images/D007_img_03.jpg,data/raw/audios/D007_knock_03.wav,unripe,Ri6,2026-06-15,,,dummy synthetic sample - replace with real data later
D008,D008_img_01,D008_knock_01,data/raw/images/D008_img_01.jpg,data/raw/audios/D008_knock_01.wav,ripe,Ri6,2026-06-15,,,dummy synthetic sample - replace with real data later
D008,D008_img_01,D008_knock_02,data/raw/images/D008_img_01.jpg,data/raw/audios/D008_knock_02.wav,ripe,Ri6,2026-06-15,,,dummy synthetic sample - replace with real data later
D008,D008_img_01,D008_knock_03,data/raw/images/D008_img_01.jpg,data/raw/audios/D008_knock_03.wav,ripe,Ri6,2026-06-15,,,dummy synthetic sample - replace with real data later
D008,D008_img_02,D008_knock_01,data/raw/images/D008_img_02.jpg,data/raw/audios/D008_knock_01.wav,ripe,Ri6,2026-06-15,,,dummy synthetic sample - replace with real data later
D008,D008_img_02,D008_knock_02,data/raw/images/D008_img_02.jpg,data/raw/audios/D008_knock_02.wav,ripe,Ri6,2026-06-15,,,dummy synthetic sample - replace with real data later
D008,D008_img_02,D008_knock_03,data/raw/images/D008_img_02.jpg,data/raw/audios/D008_knock_03.wav,ripe,Ri6,2026-06-15,,,dummy synthetic sample - replace with real data later
D008,D008_img_03,D008_knock_01,data/raw/images/D008_img_03.jpg,data/raw/audios/D008_knock_01.wav,ripe,Ri6,2026-06-15,,,dummy synthetic sample - replace with real data later
D008,D008_img_03,D008_knock_02,data/raw/images/D008_img_03.jpg,data/raw/audios/D008_knock_02.wav,ripe,Ri6,2026-06-15,,,dummy synthetic sample - replace with real data later
D008,D008_img_03,D008_knock_03,data/raw/images/D008_img_03.jpg,data/raw/audios/D008_knock_03.wav,ripe,Ri6,2026-06-15,,,dummy synthetic sample - replace with real data later
D009,D009_img_01,D009_knock_01,data/raw/images/D009_img_01.jpg,data/raw/audios/D009_knock_01.wav,overripe,Ri6,2026-06-15,,,dummy synthetic sample - replace with real data later
D009,D009_img_01,D009_knock_02,data/raw/images/D009_img_01.jpg,data/raw/audios/D009_knock_02.wav,overripe,Ri6,2026-06-15,,,dummy synthetic sample - replace with real data later
D009,D009_img_01,D009_knock_03,data/raw/images/D009_img_01.jpg,data/raw/audios/D009_knock_03.wav,overripe,Ri6,2026-06-15,,,dummy synthetic sample - replace with real data later
D009,D009_img_02,D009_knock_01,data/raw/images/D009_img_02.jpg,data/raw/audios/D009_knock_01.wav,overripe,Ri6,2026-06-15,,,dummy synthetic sample - replace with real data later
D009,D009_img_02,D009_knock_02,data/raw/images/D009_img_02.jpg,data/raw/audios/D009_knock_02.wav,overripe,Ri6,2026-06-15,,,dummy synthetic sample - replace with real data later
D009,D009_img_02,D009_knock_03,data/raw/images/D009_img_02.jpg,data/raw/audios/D009_knock_03.wav,overripe,Ri6,2026-06-15,,,dummy synthetic sample - replace with real data later
D009,D009_img_03,D009_knock_01,data/raw/images/D009_img_03.jpg,data/raw/audios/D009_knock_01.wav,overripe,Ri6,2026-06-15,,,dummy synthetic sample - replace with real data later
D009,D009_img_03,D009_knock_02,data/raw/images/D009_img_03.jpg,data/raw/audios/D009_knock_02.wav,overripe,Ri6,2026-06-15,,,dummy synthetic sample - replace with real data later
D009,D009_img_03,D009_knock_03,data/raw/images/D009_img_03.jpg,data/raw/audios/D009_knock_03.wav,overripe,Ri6,2026-06-15,,,dummy synthetic sample - replace with real data later
D010,D010_img_01,D010_knock_01,data/raw/images/D010_img_01.jpg,data/raw/audios/D010_knock_01.wav,unripe,Ri6,2026-06-15,,,dummy synthetic sample - replace with real data later
D010,D010_img_01,D010_knock_02,data/raw/images/D010_img_01.jpg,data/raw/audios/D010_knock_02.wav,unripe,Ri6,2026-06-15,,,dummy synthetic sample - replace with real data later
D010,D010_img_01,D010_knock_03,data/raw/images/D010_img_01.jpg,data/raw/audios/D010_knock_03.wav,unripe,Ri6,2026-06-15,,,dummy synthetic sample - replace with real data later
D010,D010_img_02,D010_knock_01,data/raw/images/D010_img_02.jpg,data/raw/audios/D010_knock_01.wav,unripe,Ri6,2026-06-15,,,dummy synthetic sample - replace with real data later
D010,D010_img_02,D010_knock_02,data/raw/images/D010_img_02.jpg,data/raw/audios/D010_knock_02.wav,unripe,Ri6,2026-06-15,,,dummy synthetic sample - replace with real data later
D010,D010_img_02,D010_knock_03,data/raw/images/D010_img_02.jpg,data/raw/audios/D010_knock_03.wav,unripe,Ri6,2026-06-15,,,dummy synthetic sample - replace with real data later
D010,D010_img_03,D010_knock_01,data/raw/images/D010_img_03.jpg,data/raw/audios/D010_knock_01.wav,unripe,Ri6,2026-06-15,,,dummy synthetic sample - replace with real data later
D010,D010_img_03,D010_knock_02,data/raw/images/D010_img_03.jpg,data/raw/audios/D010_knock_02.wav,unripe,Ri6,2026-06-15,,,dummy synthetic sample - replace with real data later
D010,D010_img_03,D010_knock_03,data/raw/images/D010_img_03.jpg,data/raw/audios/D010_knock_03.wav,unripe,Ri6,2026-06-15,,,dummy synthetic sample - replace with real data later
D011,D011_img_01,D011_knock_01,data/raw/images/D011_img_01.jpg,data/raw/audios/D011_knock_01.wav,ripe,Ri6,2026-06-15,,,dummy synthetic sample - replace with real data later
D011,D011_img_01,D011_knock_02,data/raw/images/D011_img_01.jpg,data/raw/audios/D011_knock_02.wav,ripe,Ri6,2026-06-15,,,dummy synthetic sample - replace with real data later
D011,D011_img_01,D011_knock_03,data/raw/images/D011_img_01.jpg,data/raw/audios/D011_knock_03.wav,ripe,Ri6,2026-06-15,,,dummy synthetic sample - replace with real data later
D011,D011_img_02,D011_knock_01,data/raw/images/D011_img_02.jpg,data/raw/audios/D011_knock_01.wav,ripe,Ri6,2026-06-15,,,dummy synthetic sample - replace with real data later
D011,D011_img_02,D011_knock_02,data/raw/images/D011_img_02.jpg,data/raw/audios/D011_knock_02.wav,ripe,Ri6,2026-06-15,,,dummy synthetic sample - replace with real data later
D011,D011_img_02,D011_knock_03,data/raw/images/D011_img_02.jpg,data/raw/audios/D011_knock_03.wav,ripe,Ri6,2026-06-15,,,dummy synthetic sample - replace with real data later
D011,D011_img_03,D011_knock_01,data/raw/images/D011_img_03.jpg,data/raw/audios/D011_knock_01.wav,ripe,Ri6,2026-06-15,,,dummy synthetic sample - replace with real data later
D011,D011_img_03,D011_knock_02,data/raw/images/D011_img_03.jpg,data/raw/audios/D011_knock_02.wav,ripe,Ri6,2026-06-15,,,dummy synthetic sample - replace with real data later
D011,D011_img_03,D011_knock_03,data/raw/images/D011_img_03.jpg,data/raw/audios/D011_knock_03.wav,ripe,Ri6,2026-06-15,,,dummy synthetic sample - replace with real data later
D012,D012_img_01,D012_knock_01,data/raw/images/D012_img_01.jpg,data/raw/audios/D012_knock_01.wav,overripe,Ri6,2026-06-15,,,dummy synthetic sample - replace with real data later
D012,D012_img_01,D012_knock_02,data/raw/images/D012_img_01.jpg,data/raw/audios/D012_knock_02.wav,overripe,Ri6,2026-06-15,,,dummy synthetic sample - replace with real data later
D012,D012_img_01,D012_knock_03,data/raw/images/D012_img_01.jpg,data/raw/audios/D012_knock_03.wav,overripe,Ri6,2026-06-15,,,dummy synthetic sample - replace with real data later
D012,D012_img_02,D012_knock_01,data/raw/images/D012_img_02.jpg,data/raw/audios/D012_knock_01.wav,overripe,Ri6,2026-06-15,,,dummy synthetic sample - replace with real data later
D012,D012_img_02,D012_knock_02,data/raw/images/D012_img_02.jpg,data/raw/audios/D012_knock_02.wav,overripe,Ri6,2026-06-15,,,dummy synthetic sample - replace with real data later
D012,D012_img_02,D012_knock_03,data/raw/images/D012_img_02.jpg,data/raw/audios/D012_knock_03.wav,overripe,Ri6,2026-06-15,,,dummy synthetic sample - replace with real data later
D012,D012_img_03,D012_knock_01,data/raw/images/D012_img_03.jpg,data/raw/audios/D012_knock_01.wav,overripe,Ri6,2026-06-15,,,dummy synthetic sample - replace with real data later
D012,D012_img_03,D012_knock_02,data/raw/images/D012_img_03.jpg,data/raw/audios/D012_knock_02.wav,overripe,Ri6,2026-06-15,,,dummy synthetic sample - replace with real data later
D012,D012_img_03,D012_knock_03,data/raw/images/D012_img_03.jpg,data/raw/audios/D012_knock_03.wav,overripe,Ri6,2026-06-15,,,dummy synthetic sample - replace with real data later
D013,D013_img_01,D013_knock_01,data/raw/images/D013_img_01.jpg,data/raw/audios/D013_knock_01.wav,unripe,Ri6,2026-06-15,,,dummy synthetic sample - replace with real data later
D013,D013_img_01,D013_knock_02,data/raw/images/D013_img_01.jpg,data/raw/audios/D013_knock_02.wav,unripe,Ri6,2026-06-15,,,dummy synthetic sample - replace with real data later
D013,D013_img_01,D013_knock_03,data/raw/images/D013_img_01.jpg,data/raw/audios/D013_knock_03.wav,unripe,Ri6,2026-06-15,,,dummy synthetic sample - replace with real data later
D013,D013_img_02,D013_knock_01,data/raw/images/D013_img_02.jpg,data/raw/audios/D013_knock_01.wav,unripe,Ri6,2026-06-15,,,dummy synthetic sample - replace with real data later
D013,D013_img_02,D013_knock_02,data/raw/images/D013_img_02.jpg,data/raw/audios/D013_knock_02.wav,unripe,Ri6,2026-06-15,,,dummy synthetic sample - replace with real data later
D013,D013_img_02,D013_knock_03,data/raw/images/D013_img_02.jpg,data/raw/audios/D013_knock_03.wav,unripe,Ri6,2026-06-15,,,dummy synthetic sample - replace with real data later
D013,D013_img_03,D013_knock_01,data/raw/images/D013_img_03.jpg,data/raw/audios/D013_knock_01.wav,unripe,Ri6,2026-06-15,,,dummy synthetic sample - replace with real data later
D013,D013_img_03,D013_knock_02,data/raw/images/D013_img_03.jpg,data/raw/audios/D013_knock_02.wav,unripe,Ri6,2026-06-15,,,dummy synthetic sample - replace with real data later
D013,D013_img_03,D013_knock_03,data/raw/images/D013_img_03.jpg,data/raw/audios/D013_knock_03.wav,unripe,Ri6,2026-06-15,,,dummy synthetic sample - replace with real data later
D014,D014_img_01,D014_knock_01,data/raw/images/D014_img_01.jpg,data/raw/audios/D014_knock_01.wav,ripe,Ri6,2026-06-15,,,dummy synthetic sample - replace with real data later
D014,D014_img_01,D014_knock_02,data/raw/images/D014_img_01.jpg,data/raw/audios/D014_knock_02.wav,ripe,Ri6,2026-06-15,,,dummy synthetic sample - replace with real data later
D014,D014_img_01,D014_knock_03,data/raw/images/D014_img_01.jpg,data/raw/audios/D014_knock_03.wav,ripe,Ri6,2026-06-15,,,dummy synthetic sample - replace with real data later
D014,D014_img_02,D014_knock_01,data/raw/images/D014_img_02.jpg,data/raw/audios/D014_knock_01.wav,ripe,Ri6,2026-06-15,,,dummy synthetic sample - replace with real data later
D014,D014_img_02,D014_knock_02,data/raw/images/D014_img_02.jpg,data/raw/audios/D014_knock_02.wav,ripe,Ri6,2026-06-15,,,dummy synthetic sample - replace with real data later
D014,D014_img_02,D014_knock_03,data/raw/images/D014_img_02.jpg,data/raw/audios/D014_knock_03.wav,ripe,Ri6,2026-06-15,,,dummy synthetic sample - replace with real data later
D014,D014_img_03,D014_knock_01,data/raw/images/D014_img_03.jpg,data/raw/audios/D014_knock_01.wav,ripe,Ri6,2026-06-15,,,dummy synthetic sample - replace with real data later
D014,D014_img_03,D014_knock_02,data/raw/images/D014_img_03.jpg,data/raw/audios/D014_knock_02.wav,ripe,Ri6,2026-06-15,,,dummy synthetic sample - replace with real data later
D014,D014_img_03,D014_knock_03,data/raw/images/D014_img_03.jpg,data/raw/audios/D014_knock_03.wav,ripe,Ri6,2026-06-15,,,dummy synthetic sample - replace with real data later
D015,D015_img_01,D015_knock_01,data/raw/images/D015_img_01.jpg,data/raw/audios/D015_knock_01.wav,overripe,Ri6,2026-06-15,,,dummy synthetic sample - replace with real data later
D015,D015_img_01,D015_knock_02,data/raw/images/D015_img_01.jpg,data/raw/audios/D015_knock_02.wav,overripe,Ri6,2026-06-15,,,dummy synthetic sample - replace with real data later
D015,D015_img_01,D015_knock_03,data/raw/images/D015_img_01.jpg,data/raw/audios/D015_knock_03.wav,overripe,Ri6,2026-06-15,,,dummy synthetic sample - replace with real data later
D015,D015_img_02,D015_knock_01,data/raw/images/D015_img_02.jpg,data/raw/audios/D015_knock_01.wav,overripe,Ri6,2026-06-15,,,dummy synthetic sample - replace with real data later
D015,D015_img_02,D015_knock_02,data/raw/images/D015_img_02.jpg,data/raw/audios/D015_knock_02.wav,overripe,Ri6,2026-06-15,,,dummy synthetic sample - replace with real data later
D015,D015_img_02,D015_knock_03,data/raw/images/D015_img_02.jpg,data/raw/audios/D015_knock_03.wav,overripe,Ri6,2026-06-15,,,dummy synthetic sample - replace with real data later
D015,D015_img_03,D015_knock_01,data/raw/images/D015_img_03.jpg,data/raw/audios/D015_knock_01.wav,overripe,Ri6,2026-06-15,,,dummy synthetic sample - replace with real data later
D015,D015_img_03,D015_knock_02,data/raw/images/D015_img_03.jpg,data/raw/audios/D015_knock_02.wav,overripe,Ri6,2026-06-15,,,dummy synthetic sample - replace with real data later
D015,D015_img_03,D015_knock_03,data/raw/images/D015_img_03.jpg,data/raw/audios/D015_knock_03.wav,overripe,Ri6,2026-06-15,,,dummy synthetic sample - replace with real data later
D016,D016_img_01,D016_knock_01,data/raw/images/D016_img_01.jpg,data/raw/audios/D016_knock_01.wav,unripe,Ri6,2026-06-15,,,dummy synthetic sample - replace with real data later
D016,D016_img_01,D016_knock_02,data/raw/images/D016_img_01.jpg,data/raw/audios/D016_knock_02.wav,unripe,Ri6,2026-06-15,,,dummy synthetic sample - replace with real data later
D016,D016_img_01,D016_knock_03,data/raw/images/D016_img_01.jpg,data/raw/audios/D016_knock_03.wav,unripe,Ri6,2026-06-15,,,dummy synthetic sample - replace with real data later
D016,D016_img_02,D016_knock_01,data/raw/images/D016_img_02.jpg,data/raw/audios/D016_knock_01.wav,unripe,Ri6,2026-06-15,,,dummy synthetic sample - replace with real data later
D016,D016_img_02,D016_knock_02,data/raw/images/D016_img_02.jpg,data/raw/audios/D016_knock_02.wav,unripe,Ri6,2026-06-15,,,dummy synthetic sample - replace with real data later
D016,D016_img_02,D016_knock_03,data/raw/images/D016_img_02.jpg,data/raw/audios/D016_knock_03.wav,unripe,Ri6,2026-06-15,,,dummy synthetic sample - replace with real data later
D016,D016_img_03,D016_knock_01,data/raw/images/D016_img_03.jpg,data/raw/audios/D016_knock_01.wav,unripe,Ri6,2026-06-15,,,dummy synthetic sample - replace with real data later
D016,D016_img_03,D016_knock_02,data/raw/images/D016_img_03.jpg,data/raw/audios/D016_knock_02.wav,unripe,Ri6,2026-06-15,,,dummy synthetic sample - replace with real data later
D016,D016_img_03,D016_knock_03,data/raw/images/D016_img_03.jpg,data/raw/audios/D016_knock_03.wav,unripe,Ri6,2026-06-15,,,dummy synthetic sample - replace with real data later
D017,D017_img_01,D017_knock_01,data/raw/images/D017_img_01.jpg,data/raw/audios/D017_knock_01.wav,ripe,Ri6,2026-06-15,,,dummy synthetic sample - replace with real data later
D017,D017_img_01,D017_knock_02,data/raw/images/D017_img_01.jpg,data/raw/audios/D017_knock_02.wav,ripe,Ri6,2026-06-15,,,dummy synthetic sample - replace with real data later
D017,D017_img_01,D017_knock_03,data/raw/images/D017_img_01.jpg,data/raw/audios/D017_knock_03.wav,ripe,Ri6,2026-06-15,,,dummy synthetic sample - replace with real data later
D017,D017_img_02,D017_knock_01,data/raw/images/D017_img_02.jpg,data/raw/audios/D017_knock_01.wav,ripe,Ri6,2026-06-15,,,dummy synthetic sample - replace with real data later
D017,D017_img_02,D017_knock_02,data/raw/images/D017_img_02.jpg,data/raw/audios/D017_knock_02.wav,ripe,Ri6,2026-06-15,,,dummy synthetic sample - replace with real data later
D017,D017_img_02,D017_knock_03,data/raw/images/D017_img_02.jpg,data/raw/audios/D017_knock_03.wav,ripe,Ri6,2026-06-15,,,dummy synthetic sample - replace with real data later
D017,D017_img_03,D017_knock_01,data/raw/images/D017_img_03.jpg,data/raw/audios/D017_knock_01.wav,ripe,Ri6,2026-06-15,,,dummy synthetic sample - replace with real data later
D017,D017_img_03,D017_knock_02,data/raw/images/D017_img_03.jpg,data/raw/audios/D017_knock_02.wav,ripe,Ri6,2026-06-15,,,dummy synthetic sample - replace with real data later
D017,D017_img_03,D017_knock_03,data/raw/images/D017_img_03.jpg,data/raw/audios/D017_knock_03.wav,ripe,Ri6,2026-06-15,,,dummy synthetic sample - replace with real data later
D018,D018_img_01,D018_knock_01,data/raw/images/D018_img_01.jpg,data/raw/audios/D018_knock_01.wav,overripe,Ri6,2026-06-15,,,dummy synthetic sample - replace with real data later
D018,D018_img_01,D018_knock_02,data/raw/images/D018_img_01.jpg,data/raw/audios/D018_knock_02.wav,overripe,Ri6,2026-06-15,,,dummy synthetic sample - replace with real data later
D018,D018_img_01,D018_knock_03,data/raw/images/D018_img_01.jpg,data/raw/audios/D018_knock_03.wav,overripe,Ri6,2026-06-15,,,dummy synthetic sample - replace with real data later
D018,D018_img_02,D018_knock_01,data/raw/images/D018_img_02.jpg,data/raw/audios/D018_knock_01.wav,overripe,Ri6,2026-06-15,,,dummy synthetic sample - replace with real data later
D018,D018_img_02,D018_knock_02,data/raw/images/D018_img_02.jpg,data/raw/audios/D018_knock_02.wav,overripe,Ri6,2026-06-15,,,dummy synthetic sample - replace with real data later
D018,D018_img_02,D018_knock_03,data/raw/images/D018_img_02.jpg,data/raw/audios/D018_knock_03.wav,overripe,Ri6,2026-06-15,,,dummy synthetic sample - replace with real data later
D018,D018_img_03,D018_knock_01,data/raw/images/D018_img_03.jpg,data/raw/audios/D018_knock_01.wav,overripe,Ri6,2026-06-15,,,dummy synthetic sample - replace with real data later
D018,D018_img_03,D018_knock_02,data/raw/images/D018_img_03.jpg,data/raw/audios/D018_knock_02.wav,overripe,Ri6,2026-06-15,,,dummy synthetic sample - replace with real data later
D018,D018_img_03,D018_knock_03,data/raw/images/D018_img_03.jpg,data/raw/audios/D018_knock_03.wav,overripe,Ri6,2026-06-15,,,dummy synthetic sample - replace with real data later
D019,D019_img_01,D019_knock_01,data/raw/images/D019_img_01.jpg,data/raw/audios/D019_knock_01.wav,unripe,Ri6,2026-06-15,,,dummy synthetic sample - replace with real data later
D019,D019_img_01,D019_knock_02,data/raw/images/D019_img_01.jpg,data/raw/audios/D019_knock_02.wav,unripe,Ri6,2026-06-15,,,dummy synthetic sample - replace with real data later
D019,D019_img_01,D019_knock_03,data/raw/images/D019_img_01.jpg,data/raw/audios/D019_knock_03.wav,unripe,Ri6,2026-06-15,,,dummy synthetic sample - replace with real data later
D019,D019_img_02,D019_knock_01,data/raw/images/D019_img_02.jpg,data/raw/audios/D019_knock_01.wav,unripe,Ri6,2026-06-15,,,dummy synthetic sample - replace with real data later
D019,D019_img_02,D019_knock_02,data/raw/images/D019_img_02.jpg,data/raw/audios/D019_knock_02.wav,unripe,Ri6,2026-06-15,,,dummy synthetic sample - replace with real data later
D019,D019_img_02,D019_knock_03,data/raw/images/D019_img_02.jpg,data/raw/audios/D019_knock_03.wav,unripe,Ri6,2026-06-15,,,dummy synthetic sample - replace with real data later
D019,D019_img_03,D019_knock_01,data/raw/images/D019_img_03.jpg,data/raw/audios/D019_knock_01.wav,unripe,Ri6,2026-06-15,,,dummy synthetic sample - replace with real data later
D019,D019_img_03,D019_knock_02,data/raw/images/D019_img_03.jpg,data/raw/audios/D019_knock_02.wav,unripe,Ri6,2026-06-15,,,dummy synthetic sample - replace with real data later
D019,D019_img_03,D019_knock_03,data/raw/images/D019_img_03.jpg,data/raw/audios/D019_knock_03.wav,unripe,Ri6,2026-06-15,,,dummy synthetic sample - replace with real data later
D020,D020_img_01,D020_knock_01,data/raw/images/D020_img_01.jpg,data/raw/audios/D020_knock_01.wav,ripe,Ri6,2026-06-15,,,dummy synthetic sample - replace with real data later
D020,D020_img_01,D020_knock_02,data/raw/images/D020_img_01.jpg,data/raw/audios/D020_knock_02.wav,ripe,Ri6,2026-06-15,,,dummy synthetic sample - replace with real data later
D020,D020_img_01,D020_knock_03,data/raw/images/D020_img_01.jpg,data/raw/audios/D020_knock_03.wav,ripe,Ri6,2026-06-15,,,dummy synthetic sample - replace with real data later
D020,D020_img_02,D020_knock_01,data/raw/images/D020_img_02.jpg,data/raw/audios/D020_knock_01.wav,ripe,Ri6,2026-06-15,,,dummy synthetic sample - replace with real data later
D020,D020_img_02,D020_knock_02,data/raw/images/D020_img_02.jpg,data/raw/audios/D020_knock_02.wav,ripe,Ri6,2026-06-15,,,dummy synthetic sample - replace with real data later
D020,D020_img_02,D020_knock_03,data/raw/images/D020_img_02.jpg,data/raw/audios/D020_knock_03.wav,ripe,Ri6,2026-06-15,,,dummy synthetic sample - replace with real data later
D020,D020_img_03,D020_knock_01,data/raw/images/D020_img_03.jpg,data/raw/audios/D020_knock_01.wav,ripe,Ri6,2026-06-15,,,dummy synthetic sample - replace with real data later
D020,D020_img_03,D020_knock_02,data/raw/images/D020_img_03.jpg,data/raw/audios/D020_knock_02.wav,ripe,Ri6,2026-06-15,,,dummy synthetic sample - replace with real data later
D020,D020_img_03,D020_knock_03,data/raw/images/D020_img_03.jpg,data/raw/audios/D020_knock_03.wav,ripe,Ri6,2026-06-15,,,dummy synthetic sample - replace with real data later
D021,D021_img_01,D021_knock_01,data/raw/images/D021_img_01.jpg,data/raw/audios/D021_knock_01.wav,overripe,Ri6,2026-06-15,,,dummy synthetic sample - replace with real data later
D021,D021_img_01,D021_knock_02,data/raw/images/D021_img_01.jpg,data/raw/audios/D021_knock_02.wav,overripe,Ri6,2026-06-15,,,dummy synthetic sample - replace with real data later
D021,D021_img_01,D021_knock_03,data/raw/images/D021_img_01.jpg,data/raw/audios/D021_knock_03.wav,overripe,Ri6,2026-06-15,,,dummy synthetic sample - replace with real data later
D021,D021_img_02,D021_knock_01,data/raw/images/D021_img_02.jpg,data/raw/audios/D021_knock_01.wav,overripe,Ri6,2026-06-15,,,dummy synthetic sample - replace with real data later
D021,D021_img_02,D021_knock_02,data/raw/images/D021_img_02.jpg,data/raw/audios/D021_knock_02.wav,overripe,Ri6,2026-06-15,,,dummy synthetic sample - replace with real data later
D021,D021_img_02,D021_knock_03,data/raw/images/D021_img_02.jpg,data/raw/audios/D021_knock_03.wav,overripe,Ri6,2026-06-15,,,dummy synthetic sample - replace with real data later
D021,D021_img_03,D021_knock_01,data/raw/images/D021_img_03.jpg,data/raw/audios/D021_knock_01.wav,overripe,Ri6,2026-06-15,,,dummy synthetic sample - replace with real data later
D021,D021_img_03,D021_knock_02,data/raw/images/D021_img_03.jpg,data/raw/audios/D021_knock_02.wav,overripe,Ri6,2026-06-15,,,dummy synthetic sample - replace with real data later
D021,D021_img_03,D021_knock_03,data/raw/images/D021_img_03.jpg,data/raw/audios/D021_knock_03.wav,overripe,Ri6,2026-06-15,,,dummy synthetic sample - replace with real data later
D022,D022_img_01,D022_knock_01,data/raw/images/D022_img_01.jpg,data/raw/audios/D022_knock_01.wav,unripe,Ri6,2026-06-15,,,dummy synthetic sample - replace with real data later
D022,D022_img_01,D022_knock_02,data/raw/images/D022_img_01.jpg,data/raw/audios/D022_knock_02.wav,unripe,Ri6,2026-06-15,,,dummy synthetic sample - replace with real data later
D022,D022_img_01,D022_knock_03,data/raw/images/D022_img_01.jpg,data/raw/audios/D022_knock_03.wav,unripe,Ri6,2026-06-15,,,dummy synthetic sample - replace with real data later
D022,D022_img_02,D022_knock_01,data/raw/images/D022_img_02.jpg,data/raw/audios/D022_knock_01.wav,unripe,Ri6,2026-06-15,,,dummy synthetic sample - replace with real data later
D022,D022_img_02,D022_knock_02,data/raw/images/D022_img_02.jpg,data/raw/audios/D022_knock_02.wav,unripe,Ri6,2026-06-15,,,dummy synthetic sample - replace with real data later
D022,D022_img_02,D022_knock_03,data/raw/images/D022_img_02.jpg,data/raw/audios/D022_knock_03.wav,unripe,Ri6,2026-06-15,,,dummy synthetic sample - replace with real data later
D022,D022_img_03,D022_knock_01,data/raw/images/D022_img_03.jpg,data/raw/audios/D022_knock_01.wav,unripe,Ri6,2026-06-15,,,dummy synthetic sample - replace with real data later
D022,D022_img_03,D022_knock_02,data/raw/images/D022_img_03.jpg,data/raw/audios/D022_knock_02.wav,unripe,Ri6,2026-06-15,,,dummy synthetic sample - replace with real data later
D022,D022_img_03,D022_knock_03,data/raw/images/D022_img_03.jpg,data/raw/audios/D022_knock_03.wav,unripe,Ri6,2026-06-15,,,dummy synthetic sample - replace with real data later
D023,D023_img_01,D023_knock_01,data/raw/images/D023_img_01.jpg,data/raw/audios/D023_knock_01.wav,ripe,Ri6,2026-06-15,,,dummy synthetic sample - replace with real data later
D023,D023_img_01,D023_knock_02,data/raw/images/D023_img_01.jpg,data/raw/audios/D023_knock_02.wav,ripe,Ri6,2026-06-15,,,dummy synthetic sample - replace with real data later
D023,D023_img_01,D023_knock_03,data/raw/images/D023_img_01.jpg,data/raw/audios/D023_knock_03.wav,ripe,Ri6,2026-06-15,,,dummy synthetic sample - replace with real data later
D023,D023_img_02,D023_knock_01,data/raw/images/D023_img_02.jpg,data/raw/audios/D023_knock_01.wav,ripe,Ri6,2026-06-15,,,dummy synthetic sample - replace with real data later
D023,D023_img_02,D023_knock_02,data/raw/images/D023_img_02.jpg,data/raw/audios/D023_knock_02.wav,ripe,Ri6,2026-06-15,,,dummy synthetic sample - replace with real data later
D023,D023_img_02,D023_knock_03,data/raw/images/D023_img_02.jpg,data/raw/audios/D023_knock_03.wav,ripe,Ri6,2026-06-15,,,dummy synthetic sample - replace with real data later
D023,D023_img_03,D023_knock_01,data/raw/images/D023_img_03.jpg,data/raw/audios/D023_knock_01.wav,ripe,Ri6,2026-06-15,,,dummy synthetic sample - replace with real data later
D023,D023_img_03,D023_knock_02,data/raw/images/D023_img_03.jpg,data/raw/audios/D023_knock_02.wav,ripe,Ri6,2026-06-15,,,dummy synthetic sample - replace with real data later
D023,D023_img_03,D023_knock_03,data/raw/images/D023_img_03.jpg,data/raw/audios/D023_knock_03.wav,ripe,Ri6,2026-06-15,,,dummy synthetic sample - replace with real data later
D024,D024_img_01,D024_knock_01,data/raw/images/D024_img_01.jpg,data/raw/audios/D024_knock_01.wav,overripe,Ri6,2026-06-15,,,dummy synthetic sample - replace with real data later
D024,D024_img_01,D024_knock_02,data/raw/images/D024_img_01.jpg,data/raw/audios/D024_knock_02.wav,overripe,Ri6,2026-06-15,,,dummy synthetic sample - replace with real data later
D024,D024_img_01,D024_knock_03,data/raw/images/D024_img_01.jpg,data/raw/audios/D024_knock_03.wav,overripe,Ri6,2026-06-15,,,dummy synthetic sample - replace with real data later
D024,D024_img_02,D024_knock_01,data/raw/images/D024_img_02.jpg,data/raw/audios/D024_knock_01.wav,overripe,Ri6,2026-06-15,,,dummy synthetic sample - replace with real data later
D024,D024_img_02,D024_knock_02,data/raw/images/D024_img_02.jpg,data/raw/audios/D024_knock_02.wav,overripe,Ri6,2026-06-15,,,dummy synthetic sample - replace with real data later
D024,D024_img_02,D024_knock_03,data/raw/images/D024_img_02.jpg,data/raw/audios/D024_knock_03.wav,overripe,Ri6,2026-06-15,,,dummy synthetic sample - replace with real data later
D024,D024_img_03,D024_knock_01,data/raw/images/D024_img_03.jpg,data/raw/audios/D024_knock_01.wav,overripe,Ri6,2026-06-15,,,dummy synthetic sample - replace with real data later
D024,D024_img_03,D024_knock_02,data/raw/images/D024_img_03.jpg,data/raw/audios/D024_knock_02.wav,overripe,Ri6,2026-06-15,,,dummy synthetic sample - replace with real data later
D024,D024_img_03,D024_knock_03,data/raw/images/D024_img_03.jpg,data/raw/audios/D024_knock_03.wav,overripe,Ri6,2026-06-15,,,dummy synthetic sample - replace with real data later
D025,D025_img_01,D025_knock_01,data/raw/images/D025_img_01.jpg,data/raw/audios/D025_knock_01.wav,unripe,Ri6,2026-06-15,,,dummy synthetic sample - replace with real data later
D025,D025_img_01,D025_knock_02,data/raw/images/D025_img_01.jpg,data/raw/audios/D025_knock_02.wav,unripe,Ri6,2026-06-15,,,dummy synthetic sample - replace with real data later
D025,D025_img_01,D025_knock_03,data/raw/images/D025_img_01.jpg,data/raw/audios/D025_knock_03.wav,unripe,Ri6,2026-06-15,,,dummy synthetic sample - replace with real data later
D025,D025_img_02,D025_knock_01,data/raw/images/D025_img_02.jpg,data/raw/audios/D025_knock_01.wav,unripe,Ri6,2026-06-15,,,dummy synthetic sample - replace with real data later
D025,D025_img_02,D025_knock_02,data/raw/images/D025_img_02.jpg,data/raw/audios/D025_knock_02.wav,unripe,Ri6,2026-06-15,,,dummy synthetic sample - replace with real data later
D025,D025_img_02,D025_knock_03,data/raw/images/D025_img_02.jpg,data/raw/audios/D025_knock_03.wav,unripe,Ri6,2026-06-15,,,dummy synthetic sample - replace with real data later
D025,D025_img_03,D025_knock_01,data/raw/images/D025_img_03.jpg,data/raw/audios/D025_knock_01.wav,unripe,Ri6,2026-06-15,,,dummy synthetic sample - replace with real data later
D025,D025_img_03,D025_knock_02,data/raw/images/D025_img_03.jpg,data/raw/audios/D025_knock_02.wav,unripe,Ri6,2026-06-15,,,dummy synthetic sample - replace with real data later
D025,D025_img_03,D025_knock_03,data/raw/images/D025_img_03.jpg,data/raw/audios/D025_knock_03.wav,unripe,Ri6,2026-06-15,,,dummy synthetic sample - replace with real data later
D026,D026_img_01,D026_knock_01,data/raw/images/D026_img_01.jpg,data/raw/audios/D026_knock_01.wav,ripe,Ri6,2026-06-15,,,dummy synthetic sample - replace with real data later
D026,D026_img_01,D026_knock_02,data/raw/images/D026_img_01.jpg,data/raw/audios/D026_knock_02.wav,ripe,Ri6,2026-06-15,,,dummy synthetic sample - replace with real data later
D026,D026_img_01,D026_knock_03,data/raw/images/D026_img_01.jpg,data/raw/audios/D026_knock_03.wav,ripe,Ri6,2026-06-15,,,dummy synthetic sample - replace with real data later
D026,D026_img_02,D026_knock_01,data/raw/images/D026_img_02.jpg,data/raw/audios/D026_knock_01.wav,ripe,Ri6,2026-06-15,,,dummy synthetic sample - replace with real data later
D026,D026_img_02,D026_knock_02,data/raw/images/D026_img_02.jpg,data/raw/audios/D026_knock_02.wav,ripe,Ri6,2026-06-15,,,dummy synthetic sample - replace with real data later
D026,D026_img_02,D026_knock_03,data/raw/images/D026_img_02.jpg,data/raw/audios/D026_knock_03.wav,ripe,Ri6,2026-06-15,,,dummy synthetic sample - replace with real data later
D026,D026_img_03,D026_knock_01,data/raw/images/D026_img_03.jpg,data/raw/audios/D026_knock_01.wav,ripe,Ri6,2026-06-15,,,dummy synthetic sample - replace with real data later
D026,D026_img_03,D026_knock_02,data/raw/images/D026_img_03.jpg,data/raw/audios/D026_knock_02.wav,ripe,Ri6,2026-06-15,,,dummy synthetic sample - replace with real data later
D026,D026_img_03,D026_knock_03,data/raw/images/D026_img_03.jpg,data/raw/audios/D026_knock_03.wav,ripe,Ri6,2026-06-15,,,dummy synthetic sample - replace with real data later
D027,D027_img_01,D027_knock_01,data/raw/images/D027_img_01.jpg,data/raw/audios/D027_knock_01.wav,overripe,Ri6,2026-06-15,,,dummy synthetic sample - replace with real data later
D027,D027_img_01,D027_knock_02,data/raw/images/D027_img_01.jpg,data/raw/audios/D027_knock_02.wav,overripe,Ri6,2026-06-15,,,dummy synthetic sample - replace with real data later
D027,D027_img_01,D027_knock_03,data/raw/images/D027_img_01.jpg,data/raw/audios/D027_knock_03.wav,overripe,Ri6,2026-06-15,,,dummy synthetic sample - replace with real data later
D027,D027_img_02,D027_knock_01,data/raw/images/D027_img_02.jpg,data/raw/audios/D027_knock_01.wav,overripe,Ri6,2026-06-15,,,dummy synthetic sample - replace with real data later
D027,D027_img_02,D027_knock_02,data/raw/images/D027_img_02.jpg,data/raw/audios/D027_knock_02.wav,overripe,Ri6,2026-06-15,,,dummy synthetic sample - replace with real data later
D027,D027_img_02,D027_knock_03,data/raw/images/D027_img_02.jpg,data/raw/audios/D027_knock_03.wav,overripe,Ri6,2026-06-15,,,dummy synthetic sample - replace with real data later
D027,D027_img_03,D027_knock_01,data/raw/images/D027_img_03.jpg,data/raw/audios/D027_knock_01.wav,overripe,Ri6,2026-06-15,,,dummy synthetic sample - replace with real data later
D027,D027_img_03,D027_knock_02,data/raw/images/D027_img_03.jpg,data/raw/audios/D027_knock_02.wav,overripe,Ri6,2026-06-15,,,dummy synthetic sample - replace with real data later
D027,D027_img_03,D027_knock_03,data/raw/images/D027_img_03.jpg,data/raw/audios/D027_knock_03.wav,overripe,Ri6,2026-06-15,,,dummy synthetic sample - replace with real data later
D028,D028_img_01,D028_knock_01,data/raw/images/D028_img_01.jpg,data/raw/audios/D028_knock_01.wav,unripe,Ri6,2026-06-15,,,dummy synthetic sample - replace with real data later
D028,D028_img_01,D028_knock_02,data/raw/images/D028_img_01.jpg,data/raw/audios/D028_knock_02.wav,unripe,Ri6,2026-06-15,,,dummy synthetic sample - replace with real data later
D028,D028_img_01,D028_knock_03,data/raw/images/D028_img_01.jpg,data/raw/audios/D028_knock_03.wav,unripe,Ri6,2026-06-15,,,dummy synthetic sample - replace with real data later
D028,D028_img_02,D028_knock_01,data/raw/images/D028_img_02.jpg,data/raw/audios/D028_knock_01.wav,unripe,Ri6,2026-06-15,,,dummy synthetic sample - replace with real data later
D028,D028_img_02,D028_knock_02,data/raw/images/D028_img_02.jpg,data/raw/audios/D028_knock_02.wav,unripe,Ri6,2026-06-15,,,dummy synthetic sample - replace with real data later
D028,D028_img_02,D028_knock_03,data/raw/images/D028_img_02.jpg,data/raw/audios/D028_knock_03.wav,unripe,Ri6,2026-06-15,,,dummy synthetic sample - replace with real data later
D028,D028_img_03,D028_knock_01,data/raw/images/D028_img_03.jpg,data/raw/audios/D028_knock_01.wav,unripe,Ri6,2026-06-15,,,dummy synthetic sample - replace with real data later
D028,D028_img_03,D028_knock_02,data/raw/images/D028_img_03.jpg,data/raw/audios/D028_knock_02.wav,unripe,Ri6,2026-06-15,,,dummy synthetic sample - replace with real data later
D028,D028_img_03,D028_knock_03,data/raw/images/D028_img_03.jpg,data/raw/audios/D028_knock_03.wav,unripe,Ri6,2026-06-15,,,dummy synthetic sample - replace with real data later
D029,D029_img_01,D029_knock_01,data/raw/images/D029_img_01.jpg,data/raw/audios/D029_knock_01.wav,ripe,Ri6,2026-06-15,,,dummy synthetic sample - replace with real data later
D029,D029_img_01,D029_knock_02,data/raw/images/D029_img_01.jpg,data/raw/audios/D029_knock_02.wav,ripe,Ri6,2026-06-15,,,dummy synthetic sample - replace with real data later
D029,D029_img_01,D029_knock_03,data/raw/images/D029_img_01.jpg,data/raw/audios/D029_knock_03.wav,ripe,Ri6,2026-06-15,,,dummy synthetic sample - replace with real data later
D029,D029_img_02,D029_knock_01,data/raw/images/D029_img_02.jpg,data/raw/audios/D029_knock_01.wav,ripe,Ri6,2026-06-15,,,dummy synthetic sample - replace with real data later
D029,D029_img_02,D029_knock_02,data/raw/images/D029_img_02.jpg,data/raw/audios/D029_knock_02.wav,ripe,Ri6,2026-06-15,,,dummy synthetic sample - replace with real data later
D029,D029_img_02,D029_knock_03,data/raw/images/D029_img_02.jpg,data/raw/audios/D029_knock_03.wav,ripe,Ri6,2026-06-15,,,dummy synthetic sample - replace with real data later
D029,D029_img_03,D029_knock_01,data/raw/images/D029_img_03.jpg,data/raw/audios/D029_knock_01.wav,ripe,Ri6,2026-06-15,,,dummy synthetic sample - replace with real data later
D029,D029_img_03,D029_knock_02,data/raw/images/D029_img_03.jpg,data/raw/audios/D029_knock_02.wav,ripe,Ri6,2026-06-15,,,dummy synthetic sample - replace with real data later
D029,D029_img_03,D029_knock_03,data/raw/images/D029_img_03.jpg,data/raw/audios/D029_knock_03.wav,ripe,Ri6,2026-06-15,,,dummy synthetic sample - replace with real data later
D030,D030_img_01,D030_knock_01,data/raw/images/D030_img_01.jpg,data/raw/audios/D030_knock_01.wav,overripe,Ri6,2026-06-15,,,dummy synthetic sample - replace with real data later
D030,D030_img_01,D030_knock_02,data/raw/images/D030_img_01.jpg,data/raw/audios/D030_knock_02.wav,overripe,Ri6,2026-06-15,,,dummy synthetic sample - replace with real data later
D030,D030_img_01,D030_knock_03,data/raw/images/D030_img_01.jpg,data/raw/audios/D030_knock_03.wav,overripe,Ri6,2026-06-15,,,dummy synthetic sample - replace with real data later
D030,D030_img_02,D030_knock_01,data/raw/images/D030_img_02.jpg,data/raw/audios/D030_knock_01.wav,overripe,Ri6,2026-06-15,,,dummy synthetic sample - replace with real data later
D030,D030_img_02,D030_knock_02,data/raw/images/D030_img_02.jpg,data/raw/audios/D030_knock_02.wav,overripe,Ri6,2026-06-15,,,dummy synthetic sample - replace with real data later
D030,D030_img_02,D030_knock_03,data/raw/images/D030_img_02.jpg,data/raw/audios/D030_knock_03.wav,overripe,Ri6,2026-06-15,,,dummy synthetic sample - replace with real data later
D030,D030_img_03,D030_knock_01,data/raw/images/D030_img_03.jpg,data/raw/audios/D030_knock_01.wav,overripe,Ri6,2026-06-15,,,dummy synthetic sample - replace with real data later
D030,D030_img_03,D030_knock_02,data/raw/images/D030_img_03.jpg,data/raw/audios/D030_knock_02.wav,overripe,Ri6,2026-06-15,,,dummy synthetic sample - replace with real data later
D030,D030_img_03,D030_knock_03,data/raw/images/D030_img_03.jpg,data/raw/audios/D030_knock_03.wav,overripe,Ri6,2026-06-15,,,dummy synthetic sample - replace with real data later
